zone_id,grid_row,grid_col,center_lat,center_lon,NDVI,NDMI,RED_BLUE_RATIO,SWIR_RATIO,SWIR_NIR_RATIO,NIR_RED_RATIO,ELEVATION_M,SLOPE_DEG,TERRAIN_ROUGHNESS_M,NEAREST_MN_SITE,DISTANCE_TO_MN_KM,NDVI_NORM,NDMI_NORM,RED_BLUE_NORM,SWIR_NORM,SWIR_NIR_NORM,NIR_RED_NORM,ELEVATION_NORM,SLOPE_NORM,ROUGHNESS_NORM,MN_PROXIMITY_SCORE,SPECTRAL_SCORE,TERRAIN_SCORE,PROSPECTIVITY_SCORE,PRIORITY
ZONE_001,0,0,21.509,85.49099999999999,0.2912705242633819,0.0001051696890499,1.2625036239624023,1.3172190189361572,1.0123984813690186,1.861953496932984,585.0,1.406423807144165,2.384848117828369,Orissa Deposits,22.809,0.23510376167463132,0.2030672807800594,0.810797190809144,0.2196870611122259,0.7636682037866973,0.1795929629386257,0.050000000000000266,0.08218041000424627,0.0,0.4644828855355163,0.49814023579693895,0.04787216400169858,39.46,LOW
ZONE_002,0,1,21.509,85.493,0.3081839084625244,-0.0063375039026141,1.2271671295166016,1.3338396549224854,1.0200186967849731,1.923187255859375,590.0,8.661291122436523,22.699119567871094,Orissa Deposits,22.644,0.2972071273236142,0.17893595801067685,0.6900373453398996,0.30821001089520994,0.7797368876505568,0.22348602699093667,0.07500000000000018,0.5060981277423798,0.5009853339591185,0.5252116304747885,0.4914275837055919,0.37523485128468753,48.17,MODERATE
ZONE_003,0,2,21.509,85.495,0.3430325090885162,-0.0026247934438288,1.1504204273223877,1.3181285858154297,1.0156943798065186,2.079684019088745,648.0,13.415751457214355,27.16411018371582,Orissa Deposits,22.48,0.4251658706211888,0.19284208147875567,0.42776119025998405,0.22453149325334998,0.7706182369745638,0.33566471033231804,0.3650000000000002,0.7839116130348093,0.6110997833157847,0.5855723224144276,0.40821879248396875,0.6063945802086592,51.88,MODERATE
ZONE_004,0,3,21.509,85.497,0.4438923895359039,0.1186877489089965,1.059345841407776,1.4179762601852417,0.796058177947998,2.6242570877075195,655.0,6.433589458465576,27.39474868774414,Orissa Deposits,22.317,0.7955079595246247,0.647223647429597,0.11652055663989058,0.756328872815561,0.3074732338380244,0.726020961543046,0.3999999999999999,0.3759286616239012,0.6167877307397724,0.6455649613544354,0.45915854093787895,0.45540778387149217,53.3,MODERATE
ZONE_005,0,4,21.509,85.499,0.4874153435230255,0.195277601480484,1.0252498388290403,1.45251202583313,0.6754626035690308,2.911926746368408,684.0,11.001090049743652,39.23292541503906,Orissa Deposits,22.155,0.9553176045821229,0.9340943738394131,0.0,0.9402693580460761,0.05317436506602813,0.9322258879576952,0.5449999999999999,0.6428176814052575,0.9087377982465468,0.7051895472948102,0.47894553310232024,0.693248412036067,61.23,HIGH
ZONE_006,0,5,21.509,85.501,0.4995842576026916,0.2128733396530151,1.0254014730453491,1.4611728191375732,0.6502458453178406,3.006476163864136,735.0,12.804558753967283,32.31829833984375,Orissa Deposits,21.993,0.9999999999999999,1.0,0.0005181986729723143,0.986397494863505,0.0,1.0,0.8000000000000003,0.7481982905716186,0.7382110450233983,0.7648141332351868,0.49675483331776793,0.760742629735667,65.68,HIGH
ZONE_007,0,6,21.509,85.503,0.4671313762664795,0.1622316092252731,1.0506914854049685,1.441084384918213,0.7268393635749817,2.7919721603393555,775.0,16.163894653320312,30.45625305175781,Orissa Deposits,21.832,0.8808379723267913,0.8103191283610761,0.0869449377244984,0.8794047507180931,0.1615121048045296,0.8462410583431863,1.0,0.9444916127896181,0.6922897633868483,0.8240706661759285,0.48620516154536425,0.8854835741319017,70.12,HIGH
ZONE_008,0,7,21.509,85.505,0.4333766996860504,0.1168634742498397,1.0688408613204956,1.4213647842407229,0.7964338064193726,2.558565378189087,709.0,13.003173828125,30.22554016113281,Orissa Deposits,21.672,0.7568959511821515,0.6403907449095815,0.14896908203468007,0.7743764460280751,0.3082653184218991,0.6789323871332256,0.6699999999999999,0.7598038024695211,0.686599981459759,0.8829591461170399,0.4658168323627446,0.7109015154257361,68.17,HIGH
ZONE_009,0,8,21.509,85.507,0.457702100276947,0.155748501420021,1.056227684020996,1.4301807880401611,0.7372239232063293,2.715975761413574,696.0,3.737555265426636,22.23360824584961,Orissa Deposits,21.513,0.8462151098831653,0.7860363574319911,0.10586448534357418,0.8213312474127052,0.18340993795923977,0.7917659638156045,0.605,0.2183935045510828,0.48950501354998094,0.941479573058519,0.4711426753636363,0.4157089058854274,64.82,HIGH
ZONE_010,0,9,21.509,85.50900000000001,0.4729863405227661,0.1962036490440368,1.036490559577942,1.4361677169799805,0.673853874206543,2.8055999279022217,736.0,11.032551765441896,21.35854721069336,Orissa Deposits,21.354,0.9023365075571522,0.9375629265043823,0.038414328356263905,0.853218150557078,0.04978205105162359,0.8560095991777597,0.8050000000000002,0.6446560580612734,0.4679244835265208,1.0,0.45694297888357555,0.6397397682824657,71.07,HIGH
ZONE_011,1,0,21.507,85.49099999999999,0.3092804849147796,0.0009144718060269,1.2376731634140017,1.33440899848938,1.0086723566055298,1.9338088035583496,584.0,1.2200497388839722,3.337497472763061,Orissa Deposits,22.944,0.3012335887091434,0.20609855814105832,0.7259409359433939,0.3112423841463272,0.7558109559802322,0.23109967478358984,0.04499999999999993,0.07129016677458794,0.023493993195945584,0.4147957305852037,0.5020298750472908,0.04906426466861883,37.65,LOW
ZONE_012,1,1,21.507,85.493,0.3083785474300384,-0.0130352210253477,1.2224092483520508,1.3248670101165771,1.0372545719146729,1.9284353256225584,588.0,3.5109448432922363,20.60444641113281,Orissa Deposits,22.78,0.2979218119087176,0.15384935826180446,0.6737776398087392,0.2604209259151089,0.81608203190937,0.22724790387560279,0.06499999999999995,0.2051521634221557,0.44932704370025095,0.4751564225248428,0.4799270512107939,0.23635897847893755,42.93,MODERATE
ZONE_013,1,2,21.507,85.495,0.3596000373363495,0.0296647194772958,1.1363250017166138,1.3560161590576172,0.9562432765960692,2.16199278831482,608.0,8.591218948364258,26.816246032714844,Orissa Deposits,22.617,0.48599930599760544,0.3137838996975115,0.3795911200628037,0.42632399663746856,0.6452541979414597,0.3946645846344967,0.16500000000000004,0.5020036578067202,0.6025208471580096,0.5351490614648506,0.4400872524314259,0.43105771727009096,47.63,MODERATE
ZONE_014,1,3,21.507,85.497,0.4371280968189239,0.1192659139633178,1.056330919265747,1.415486216545105,0.7928864359855652,2.573652744293213,639.0,11.20103645324707,26.43136978149414,Orissa Deposits,22.455,0.7706705089580693,0.6493891905603024,0.10621728412564435,0.7430666842750879,0.3007850083601247,0.6897471850224932,0.3200000000000003,0.6545009857800256,0.5930291281108896,0.5947736474052272,0.4461898547878944,0.5357091327452772,52.35,MODERATE
ZONE_015,1,4,21.507,85.499,0.4656361639499664,0.1756068021059036,1.0391454696655271,1.4445213079452517,0.703703761100769,2.755760669708252,689.0,15.255534172058104,37.14569091796875,Orissa Deposits,22.294,0.8753477808830242,0.8604165129193834,0.047487286411095564,0.897710101053713,0.11272625534157488,0.8202842445599372,0.5700000000000003,0.8914141290307479,0.8572629582978286,0.6540301803459689,0.4703032502310008,0.7847445391016479,60.67,HIGH
ZONE_016,1,5,21.507,85.501,0.4542498290538788,0.1645151823759079,1.051601767539978,1.4293028116226196,0.7211578488349915,2.6888136863708496,748.0,8.64201545715332,39.95676803588867,Orissa Deposits,22.133,0.8335388967988236,0.8188723539717548,0.09005575931790144,0.8166550688125236,0.14953154267585078,0.772295875410985,0.8650000000000002,0.5049718085859267,0.9265890186573787,0.7132867132867124,0.45881842024249475,0.7394654290315843,61.67,HIGH
ZONE_017,1,6,21.507,85.503,0.4630407691001892,0.1581878066062927,1.0539671182632446,1.4358049631118774,0.7302063703536987,2.74538254737854,712.0,17.11385726928711,38.82471084594727,Orissa Deposits,21.973,0.8658178870745831,0.7951728843637781,0.09813916974958303,0.8512860919718301,0.16861208355072077,0.8128450868771897,0.685,1.0,0.898670515610969,0.7721751932278247,0.4774297420959329,0.8751011546832907,67.49,HIGH
ZONE_018,1,7,21.507,85.505,0.4704735577106476,0.1576508432626724,1.0475572347640991,1.4518721103668213,0.7335116267204285,2.8061232566833496,680.0,6.608046531677246,32.66364288330078,Orissa Deposits,21.814,0.8931099525436742,0.7931616640876192,0.07623386892751283,0.9368611127336823,0.17558184972488822,0.8563847272788792,0.5249999999999999,0.3861225688457848,0.7467278432684279,0.8306956201693039,0.4999756843072459,0.5359673805188423,63.95,HIGH
ZONE_019,1,8,21.507,85.507,0.487028568983078,0.1762964129447937,1.0452640056610107,1.4637267589569092,0.703852117061615,2.922694683074951,697.0,8.545150756835938,25.90629005432129,Orissa Deposits,21.656,0.9538974274966113,0.8629994812324224,0.06839692877660797,1.0,0.11303909230274023,0.9399444690779508,0.6099999999999999,0.49931179291598077,0.5800797470257855,0.8888479941111518,0.5204185155784653,0.5567486412741279,67.51,HIGH
ZONE_020,1,9,21.507,85.50900000000001,0.4704014360904693,0.1675996929407119,1.0510362386703491,1.4371403455734253,0.717261552810669,2.799858808517456,742.0,12.27213191986084,21.35155487060547,Orissa Deposits,21.498,0.8928451329607693,0.8304255265740674,0.08812310640549859,0.8583984548610673,0.1413154561694554,0.8518942986424718,0.835,0.7170874296050527,0.46775204023498057,0.9470003680529988,0.480126334324585,0.6776605839125152,70.64,HIGH
ZONE_021,2,0,21.505000000000003,85.49099999999999,0.3533678650856018,0.0421308614313602,1.155081272125244,1.373430848121643,0.9343041181564332,2.152421236038208,581.0,0.0,2.671869993209839,Orissa Deposits,23.08,0.46311572057682093,0.36047639325666037,0.4436892812315527,0.5190761420288457,0.5989912799053723,0.3878035856606725,0.03000000000000025,0.0,0.007078459616195368,0.3647405226352598,0.47689225303251853,0.011123537884858684,33.89,LOW
ZONE_022,2,1,21.505000000000003,85.493,0.3795354962348938,0.0752651467919349,1.1268649101257324,1.3644496202468872,0.8759636282920837,2.275786876678467,581.0,3.8685531616210938,12.084067344665527,Orissa Deposits,22.917,0.5591992687477766,0.48458234451940985,0.34726195961391015,0.47124134287912955,0.4759691818515348,0.4762334985292669,0.03000000000000025,0.22604799728952285,0.23919964816112055,0.42473316157526586,0.4370760192055934,0.17117909336414538,37.9,LOW
ZONE_023,2,2,21.505000000000003,85.495,0.4119995832443237,0.110384427011013,1.103790521621704,1.3797776699066162,0.8129981756210327,2.4550676345825195,609.0,8.249293327331543,20.32756423950196,Orissa Deposits,22.756,0.678402441942957,0.6161231830140824,0.26840695054339614,0.5528798657019287,0.34319446380385865,0.6047440118147405,0.16999999999999993,0.4820241981412279,0.44249864684816925,0.48398969451600937,0.43970486442289203,0.37655927331094197,44.48,MODERATE
ZONE_024,2,3,21.505000000000003,85.497,0.4461014568805694,0.1550021469593048,1.0407381057739258,1.4159876108169556,0.7335367202758789,2.620753765106201,641.0,6.503802299499512,25.801713943481445,Orissa Deposits,22.594,0.8036193176912502,0.7832408533395264,0.05293000203287157,0.745737153683419,0.1756347642932492,0.723509739530358,0.33000000000000007,0.38003135103688007,0.577500717896334,0.5436142804563859,0.42429078815287236,0.42426275578365225,47.2,MODERATE
ZONE_025,2,4,21.505000000000003,85.499,0.3753997683525085,0.0446309745311737,1.1099754571914673,1.3766285181045532,0.9279674291610718,2.227766990661621,652.0,10.898910522460938,41.149532318115234,Orissa Deposits,22.434,0.5440135071118829,0.36984067895470063,0.28954350852278,0.5361072098864508,0.5856291573600079,0.44181229085433404,0.38500000000000023,0.6368471088058186,0.9560046643887705,0.6025027603974964,0.4412715980240684,0.6570402428389586,54.89,MODERATE
ZONE_026,2,5,21.505000000000003,85.501,0.3637458980083465,0.0261074602603912,1.1106741428375244,1.382149577140808,0.9621192216873168,2.178638219833374,672.0,16.182601928710938,42.9334831237793,Orissa Deposits,22.274,0.501222273690601,0.30046002582493886,0.29193121482960827,0.5655128494911761,0.6576447537090786,0.4065962217678718,0.4849999999999999,0.9455847196851744,1.0,0.6613912403386086,0.45152196341116685,0.8237338878740699,60.99,HIGH
ZONE_027,2,6,21.505000000000003,85.503,0.3824205696582794,0.0446987859904766,1.100188374519348,1.3950544595718384,0.927945077419281,2.2788360118865967,659.0,11.05058765411377,42.28854370117188,Orissa Deposits,22.115,0.5697928180710258,0.3700946698155784,0.25609688033806766,0.6342453733450837,0.5855820244309453,0.47841915378449107,0.41999999999999993,0.645709934366777,0.9840946699558997,0.7199116672800878,0.46127915237311173,0.6795123747334806,60.84,HIGH
ZONE_028,2,7,21.505000000000003,85.505,0.4715454280376434,0.1651117205619812,1.029843807220459,1.44395649433136,0.7216655611991882,2.810328722000122,660.0,9.876413345336914,31.248504638671875,Orissa Deposits,21.957,0.8970456968076216,0.821106714491124,0.015699545802123183,0.894701854725449,0.15060215144853317,0.8593992532814521,0.42500000000000027,0.5771003690127376,0.7118280681114783,0.7780640412219357,0.46952631715303605,0.5718885680385386,61.34,HIGH
ZONE_029,2,8,21.505000000000003,85.507,0.4827439486980438,0.1778338551521301,1.0339651107788086,1.4569112062454224,0.7015616297721863,2.885688543319702,690.0,11.068277359008787,37.63994598388672,Orissa Deposits,21.8,0.9381649556804731,0.8687580399451453,0.02978379464014802,0.9636997747307312,0.10820916110801848,0.9134180416450297,0.5750000000000002,0.6467435823992848,0.8694521495207991,0.8358483621641506,0.49539042453759996,0.6920330778159537,67.09,HIGH
ZONE_030,2,9,21.505000000000003,85.50900000000001,0.44526007771492,0.1355126649141311,1.0778357982635498,1.4037245512008667,0.766951858997345,2.6321070194244385,731.0,12.819906234741213,28.620603561401367,Orissa Deposits,21.644,0.8005299017968007,0.7102421246054353,0.17970861101978874,0.6804230338462629,0.24609698498822485,0.7316478830598385,0.7800000000000002,0.7490950773411023,0.6470194481200818,0.8932646301067351,0.4540091336846666,0.7277438653724656,68.45,HIGH
ZONE_031,3,0,21.503,85.49099999999999,0.366017609834671,0.037669114768505,1.15431809425354,1.3733333349227903,0.9356396198272704,2.189977169036865,584.0,1.0498617887496948,3.511884450912476,Orissa Deposits,23.218,0.5095636528337829,0.3437647211061602,0.4410811775331549,0.5185567782684988,0.6018074409949143,0.4147241112262505,0.04499999999999993,0.06134571372368513,0.027794679966876887,0.3139492086860516,0.47891012482060763,0.046376689479537096,32.64,LOW
ZONE_032,3,1,21.503,85.493,0.3890384137630462,0.082118883728981,1.098280429840088,1.3728538751602173,0.8575950860977173,2.3013927936553955,587.0,3.9432566165924072,10.853684425354004,Orissa Deposits,23.056,0.5940925316828726,0.5102533234773214,0.2495766210920718,0.5160031339602948,0.43723559212344654,0.494588114899259,0.06000000000000005,0.2304130830674309,0.2088562612843255,0.37357379462642637,0.41653443782500554,0.17282211161227,35.06,LOW
ZONE_033,3,2,21.503,85.495,0.4113365113735199,0.0999234467744827,1.0708023309707642,1.3906537294387815,0.8215728998184204,2.413653612136841,611.0,5.344306468963623,18.553226470947266,Orissa Deposits,22.895,0.6759677432239289,0.5769411125614575,0.15567225889401337,0.610806702713135,0.3612759122704108,0.5750579632731643,0.18000000000000016,0.3122794811754465,0.3987403854839015,0.4328303275671699,0.4156113415476903,0.2985339081153491,39.91,LOW
ZONE_034,3,3,21.503,85.497,0.4058854877948761,0.0987397357821464,1.0643436908721924,1.3834633827209473,0.824935793876648,2.379936933517456,618.0,6.154104709625244,21.63216590881348,Orissa Deposits,22.735,0.6559524165169944,0.5725074699726583,0.13360033601436028,0.5725102920373537,0.3683672185576543,0.5508894594899674,0.21499999999999986,0.35959775828384,0.47467239743484263,0.49171880750828034,0.3967652834459383,0.35074082254398875,42.55,MODERATE
ZONE_035,3,4,21.503,85.499,0.4154052138328552,0.1086106225848198,1.059043288230896,1.3934775590896606,0.806786298751831,2.428962230682373,610.0,8.180233001708984,26.5962028503418,Orissa Deposits,22.576,0.6909073977350485,0.6094793190142654,0.11548660362731011,0.6258466645164074,0.3300955315343803,0.5860313574621308,0.17500000000000027,0.477988852716997,0.5970941988296319,0.5502392344497595,0.4059793890449171,0.4228238007356885,46.71,MODERATE
ZONE_036,3,5,21.503,85.501,0.3644896447658539,0.0245563276112079,1.103976488113403,1.3773785829544067,0.9632843136787416,2.166128635406494,619.0,9.316975593566896,27.54435157775879,Orissa Deposits,22.417,0.503953198281912,0.2946501889485215,0.2690424772177944,0.5401021203755674,0.6601015733474473,0.397629207491043,0.2200000000000002,0.5444112012250644,0.6204771987081195,0.6087596613912387,0.4368679879472282,0.4699076401024616,51.22,MODERATE
ZONE_037,3,6,21.503,85.503,0.3962965905666351,0.0719425529241561,1.0799682140350342,1.3945780992507937,0.8713103532791138,2.329292297363281,626.0,7.397870540618896,26.911376953125,Orissa Deposits,22.259,0.6207434492444269,0.4721374202322812,0.18699598355289648,0.6317082369314626,0.46615686014754987,0.5145868006691459,0.2549999999999999,0.4322737080374785,0.6048669414321127,0.6669120353330884,0.4316589884518446,0.4308695656446252,52.56,MODERATE
ZONE_038,3,7,21.503,85.505,0.4075981974601745,0.0919569358229637,1.0977221727371216,1.3987635374069214,0.842310905456543,2.423186779022217,610.0,8.634031295776367,30.499950408935547,Orissa Deposits,22.102,0.6622412250335045,0.5471021886455132,0.2476688189021936,0.6540002438089045,0.4050059695425756,0.5818914471561998,0.17500000000000027,0.5045052766258126,0.6933674163626223,0.7246963562753033,0.4607958364693806,0.4623123355591119,56.67,MODERATE
ZONE_039,3,8,21.503,85.507,0.4607256948947906,0.1490753144025802,1.0494215488433838,1.440902590751648,0.7440323829650879,2.7276451587677,655.0,15.128084182739258,42.255836486816406,Orissa Deposits,21.946,0.857317287892919,0.7610416362922032,0.08260502383836199,0.8784364992088909,0.1977668795273535,0.8001307223164216,0.3999999999999999,0.8839669482278807,0.9832880530537358,0.7821126242178869,0.4800677798358856,0.768573195207273,65.86,HIGH
ZONE_040,3,9,21.503,85.50900000000001,0.4611019492149353,0.1608250737190246,1.042383909225464,1.4359196424484253,0.7248089909553528,2.720712661743164,692.0,15.732837677001951,40.72945785522461,Orissa Deposits,21.79,0.8586988363367923,0.8050508865659624,0.058554413101302494,0.8518968840714054,0.15723067521628664,0.7951614285595872,0.585,0.9193040136682941,0.9456448961048574,0.8395288921604704,0.46176598293203375,0.8269150742987748,68.59,HIGH
ZONE_041,4,0,21.501,85.49099999999999,0.3374775946140289,0.0218517649918794,1.223249912261963,1.343644618988037,0.9658187627792358,2.0584216117858887,586.0,1.435529351234436,3.804237365722656,Orissa Deposits,23.357,0.4047690723993759,0.28452012840945173,0.6766505462881374,0.3604321004899038,0.6654459447519119,0.3204235717510251,0.05500000000000016,0.0838811104151644,0.035004612305345836,0.2627898417372103,0.5027079265628984,0.06055382785766955,31.83,LOW
ZONE_042,4,1,21.501,85.493,0.3158893585205078,-0.0101873343810439,1.2451094388961792,1.3278203010559082,1.033238172531128,1.9793041944503784,591.0,0.7002694010734558,8.49109935760498,Orissa Deposits,23.196,0.32550036401749705,0.16451624536178544,0.7513538551414718,0.2761504097767373,0.8076126844641442,0.26371129526093573,0.08000000000000007,0.04091826816448762,0.15059079643199969,0.32204637467795383,0.5119746147047737,0.08554454619539498,35.07,LOW
ZONE_043,4,2,21.501,85.495,0.3488082587718963,0.0410199053585529,1.1371355056762695,1.36702561378479,0.9294188022613524,2.093510150909424,584.0,2.076364755630493,10.457438468933104,Orissa Deposits,23.036,0.4463735420286733,0.3563152574806363,0.38236095715205876,0.484961308034773,0.588689655553811,0.34557544095282866,0.04499999999999993,0.12132652054757878,0.1990841454939235,0.3809348546190643,0.441154387156061,0.12175585186720855,35.32,LOW
ZONE_044,4,3,21.501,85.497,0.3264548480510711,0.0277902390807867,1.1857417821884155,1.3332618474960327,0.954940378665924,2.0024447441101074,593.0,2.756061315536499,10.678234100341797,Orissa Deposits,22.877,0.3642952291876701,0.3067629493374673,0.5484692973397105,0.3051325583935025,0.6425067880844435,0.28029870792722567,0.08999999999999986,0.16104267273997808,0.20452935052675109,0.43945528156054525,0.4420463875400081,0.1527758742540165,38.32,LOW
ZONE_045,4,4,21.501,85.499,0.2896420359611511,-0.0026530281174927,1.2457354068756104,1.3127883672714231,1.0133659839630127,1.8449112176895144,588.0,1.7959206104278564,10.066446304321287,Orissa Deposits,22.719,0.22912420115038945,0.19273632724275755,0.7534930542230547,0.19608902580564713,0.7657083683321515,0.1673768607827839,0.06499999999999995,0.10493955758593672,0.18944159736488209,0.4976076555023914,0.4725920082264518,0.1183083022438393,41.17,MODERATE
ZONE_046,4,5,21.501,85.501,0.3417934775352478,0.0319424122571945,1.186022162437439,1.349761128425598,0.9476549625396729,2.077954769134521,601.0,2.918710231781006,10.83660888671875,Orissa Deposits,22.561,0.42061633584463276,0.3223151001159751,0.5494274760180349,0.3930091606116539,0.6271440926540375,0.33442516403736566,0.1299999999999999,0.17054660360052112,0.20843514874545094,0.5557600294442393,0.47090463610633376,0.1697491860638437,44.46,MODERATE
ZONE_047,4,6,21.501,85.503,0.310365229845047,0.0048181544989347,1.2429401874542236,1.3227250576019287,0.9980615377426147,1.9318628311157229,602.0,3.472679615020752,9.706812858581545,Orissa Deposits,22.404,0.30521660655152705,0.22071997667352825,0.7439405994401667,0.24901270092012417,0.7334360118955972,0.2297047793114546,0.13500000000000023,0.2029162426902377,0.18057240988947232,0.6135443503864559,0.48865027200527156,0.17583822004293684,47.6,MODERATE
ZONE_048,4,7,21.501,85.505,0.2765656113624573,-0.0204595997929573,1.3034892082214355,1.3089649677276611,1.04874849319458,1.7849644422531128,600.0,2.0999717712402344,17.9945125579834,Orissa Deposits,22.248,0.18110956560068037,0.12604101474504642,0.9508623811799368,0.17572526799931953,0.8403191665993188,0.12440632132721174,0.125,0.12270592994887763,0.3849615267656766,0.6709606183290395,0.5285189143472611,0.20207083000925402,52.02,MODERATE
ZONE_049,4,8,21.501,85.507,0.3356238007545471,0.0177087318152189,1.1970608234405518,1.3374061584472656,0.9791028499603271,2.0556328296661377,608.0,8.54036808013916,31.08451271057129,Orissa Deposits,22.093,0.3979622242525057,0.26900221190975315,0.58715128019923,0.3272055182082081,0.6934579871524433,0.31842454058984315,0.16500000000000004,0.499032330687126,0.7077837413893452,0.7280088332719901,0.4713022633217614,0.46144805469165395,57.2,MODERATE
ZONE_050,4,9,21.501,85.50900000000001,0.3992998600006103,0.0820469558238983,1.0921599864959717,1.3903955221176147,0.8575586080551147,2.365363359451294,634.0,13.5903959274292,33.71284103393555,Orissa Deposits,21.939,0.6317709962808168,0.5099839142842308,0.22866046050425837,0.6094314681105573,0.4371586711832163,0.5404429536544182,0.29499999999999993,0.7941164702722402,0.77260289801394,0.7846889952153111,0.4404525738921459,0.6379274575130781,61.76,HIGH
ZONE_051,5,0,21.499,85.49099999999999,0.3017561435699463,0.0193946119397878,1.2348536252975464,1.3218321800231934,0.9752387404441832,1.921776533126831,581.0,3.351814746856689,5.802298545837402,Orissa Deposits,23.497,0.27360535557117494,0.2753167514960977,0.71630537382616,0.2442571574421395,0.6853097720638979,0.2224748046791718,0.03000000000000025,0.19585384487645147,0.084280282862974,0.21126242178873778,0.473920751772648,0.11262562280947286,29.66,LOW
ZONE_052,5,1,21.499,85.493,0.3194568753242492,0.0121302753686904,1.2061508893966677,1.3331611156463623,0.9842491745948792,1.9814472198486328,592.0,2.083483934402466,6.494061470031738,Orissa Deposits,23.337,0.33859974128658743,0.2481078532012354,0.6182159055216281,0.3045960518195505,0.7043099984276453,0.2652474405624903,0.08499999999999996,0.12174250968783817,0.1013403620516523,0.27015090172985,0.4670736857014022,0.10459911249063095,31.58,LOW
ZONE_053,5,2,21.499,85.495,0.3538888692855835,0.0014416693011298,1.164012789726257,1.374049186706543,1.003714084625244,2.117518186569214,595.0,1.6913541555404663,4.855949878692627,Orissa Deposits,23.178,0.4650287684893587,0.2080731999937821,0.4742120793251354,0.5223694669981791,0.7453554897482104,0.362784677580815,0.10000000000000009,0.09882951160144395,0.06094167560761536,0.3286713286713292,0.497152110133228,0.08781430732286222,34.79,LOW
ZONE_054,5,3,21.499,85.497,0.338424801826477,0.0094397254288196,1.1995770931243896,1.3523842096328735,0.9886613488197328,2.048622369766236,597.0,0.9496831893920898,5.69600248336792,Orissa Deposits,23.02,0.4082470727313853,0.23803027778127747,0.5957504449705193,0.40697991878115847,0.7136139129368075,0.31339936214550734,0.10999999999999988,0.055492059706283244,0.08165883672911813,0.3868237026131771,0.4940058278737608,0.0796944749012487,36.83,LOW
ZONE_055,5,4,21.499,85.499,0.3343134820461273,-5.546999091166072e-05,1.2063008546829224,1.3471962213516235,1.0101503133773804,2.036658525466919,599.0,2.1707603931427,5.099019527435303,Orissa Deposits,22.863,0.39315093392127676,0.20246559765711827,0.6187284007500851,0.37934824292509717,0.7589275109376676,0.30482354068118966,0.1200000000000001,0.12684226349359548,0.06693619672298713,0.444608023555392,0.49821117401172366,0.10681776441433437,39.85,LOW
ZONE_056,5,5,21.499,85.501,0.3922530710697174,0.0570276565849781,1.1338757276535034,1.4141640663146973,0.9035931825637816,2.323950290679932,602.0,0.5146805644035339,4.833014011383057,Orissa Deposits,22.706,0.6058962627281649,0.41627300734346556,0.37122090784985495,0.7360247973973397,0.5342313895001154,0.5107575887175824,0.13500000000000023,0.030073907728983492,0.06037603715132196,0.5023923444976068,0.5204596886462984,0.07064237423699006,42.33,MODERATE
ZONE_057,5,6,21.499,85.503,0.3588070571422577,0.0187534727156162,1.183716893196106,1.3753340244293213,0.9744993448257446,2.155457019805908,599.0,1.001596212387085,3.0225489139556885,Orissa Deposits,22.55,0.48308760374060944,0.27291533578902005,0.5415493895888512,0.5292126242219064,0.6837506147705046,0.38997967044953574,0.1200000000000001,0.05852545084529662,0.01572681290094549,0.5598086124401904,0.5173065800325652,0.06412822420840232,44.37,MODERATE
ZONE_058,5,7,21.499,85.505,0.296408861875534,0.0129115181043744,1.2344480752944946,1.3189811706542969,0.9861778020858764,1.886896610260009,595.0,0.6433408856391907,3.784308195114136,Orissa Deposits,22.395,0.2539709532312201,0.2510340328916699,0.7149194368092977,0.22907243410175493,0.7083768789227949,0.1974724740142606,0.10000000000000009,0.03759181086509023,0.034513124229222064,0.6168568273831427,0.46814358974409315,0.05539066161480274,44.51,MODERATE
ZONE_059,5,8,21.499,85.507,0.2533132135868072,-0.0193548779934644,1.3178677558898926,1.2878835201263428,1.0479892492294312,1.6991475820541382,599.0,0.7918844223022461,10.70594596862793,Orissa Deposits,22.241,0.09573030948764294,0.1301787997708824,1.0000000000000004,0.06344364839708305,0.8387181552649179,0.06289180698864505,0.1200000000000001,0.046271533637444705,0.2052127734898685,0.673536989326462,0.5060561941776394,0.11607244550193846,49.51,MODERATE
ZONE_060,5,9,21.499,85.50900000000001,0.2856360673904419,0.0030767091084271,1.2643465995788574,1.31511127948761,1.0018541812896729,1.830876111984253,600.0,3.608682870864868,11.77096176147461,Orissa Deposits,22.088,0.2144148959045652,0.21419731489256122,0.8170954231079945,0.20846105787667923,0.7414335272989527,0.1573163352736029,0.125,0.21086320950806844,0.23147791885642344,0.72984909827015,0.4905477786416553,0.1912886594601544,52.64,MODERATE
ZONE_061,6,0,21.497,85.49099999999999,0.2750739753246307,0.0228128805756568,1.2894147634506226,1.3038313388824463,0.964786946773529,1.802927017211914,575.0,2.811154842376709,7.1180524826049805,Orissa Deposits,23.639,0.17563250570647881,0.28812002991630825,0.9027640114280735,0.14838311521748526,0.6632701630585678,0.13728210205723146,0.0,0.16426190765431162,0.11672906779924812,0.1589988958410009,0.4899833331447225,0.10072348340149909,27.97,LOW
ZONE_062,6,1,21.497,85.493,0.3702600002288818,0.0662443712353706,1.159840106964111,1.3520129919052124,0.886067807674408,2.2247796058654785,585.0,2.913095474243164,7.483314990997314,Orissa Deposits,23.48,0.5251410629354681,0.45079462526148184,0.4599522458738634,0.40500278094531783,0.49727577954408253,0.43967089900602985,0.050000000000000266,0.17021852107362534,0.1257370777689728,0.2175193227824801,0.44972162228435764,0.12080853176014206,29.11,LOW
ZONE_063,6,2,21.497,85.495,0.3393711447715759,0.0373743437230587,1.2086987495422363,1.343309760093689,0.935591459274292,2.0599308013916016,596.0,2.1344218254089355,8.0,Orissa Deposits,23.322,0.41172189960558303,0.3426606429405463,0.6269230283497857,0.35864861295590345,0.6017058852437607,0.32150537625220355,0.10499999999999998,0.12471892173831635,0.13847943047521943,0.275671696724328,0.48057210952454893,0.12293139783789236,32.71,LOW
ZONE_064,6,3,21.497,85.497,0.3969790935516357,0.0695976614952087,1.1294498443603516,1.3838796615600586,0.8766975998878479,2.3477253913879395,599.0,2.565091371536255,14.868144989013672,Orissa Deposits,23.165,0.6232494960494278,0.46335452426122004,0.3560957803880549,0.5747274292636719,0.4775169015541423,0.5277998548878036,0.1200000000000001,0.14988388246871862,0.30785985445264064,0.33345601766654465,0.47151940240245543,0.18831150932327967,35.97,LOW
ZONE_065,6,4,21.497,85.499,0.4129539430141449,0.0666373670101165,1.1182739734649658,1.4099568128585815,0.8886210918426514,2.4564661979675293,604.0,5.451115608215332,18.017139434814453,Orissa Deposits,23.008,0.6819067053740976,0.4522666085542048,0.3179030715900435,0.7136166003387929,0.5026598682967705,0.6057465181660693,0.14500000000000002,0.3185205720979115,0.38551954497831764,0.3912403386087595,0.5103956838013963,0.2865640923326599,41.8,MODERATE
ZONE_066,6,5,21.497,85.501,0.4465676248073578,0.1071440428495407,1.0796209573745728,1.4591896533966064,0.8116685152053833,2.6394355297088623,605.0,5.8980631828308105,17.473791122436523,Orissa Deposits,22.852,0.8053310151771168,0.603986178867472,0.1858092597051244,0.9758349820063952,0.34039062011977794,0.7369010436849917,0.1499999999999999,0.3446366935299618,0.3721196287469035,0.4486566065513431,0.5387134218765877,0.2944905660360557,45.38,MODERATE
ZONE_067,6,6,21.497,85.503,0.3665031492710113,0.0513066053390502,1.153006911277771,1.3756295442581177,0.9099816679954528,2.1945321559906006,604.0,1.6722816228866575,14.675081253051758,Orissa Deposits,22.698,0.5113464795464625,0.3948445534211231,0.4366003070897486,0.530786588478505,0.5477027347530943,0.4179891783660632,0.14500000000000002,0.09771506192749249,0.30309856628761167,0.5053367684946624,0.4754001182941915,0.1735155946572805,42.7,MODERATE
ZONE_068,6,7,21.497,85.505,0.2272417843341827,-0.0541105158627033,1.3054993152618408,1.2759716510772705,1.1244735717773438,1.611409306526184,605.0,1.421857833862305,6.377042293548584,Orissa Deposits,22.544,0.0,0.0,0.9577317727079593,0.0,1.0,0.0,0.1499999999999999,0.08308225384197875,0.09845446523993519,0.5620169304379834,0.4873195318123878,0.10776924110877202,44.13,MODERATE
ZONE_069,6,8,21.497,85.507,0.3429366946220398,0.0264253374189138,1.1887357234954834,1.3416283130645752,0.9722620844841005,2.1320254802703857,605.0,2.3189828395843506,11.56623363494873,Orissa Deposits,22.391,0.4248140545224127,0.30165064897295124,0.5587008694086388,0.3496930801445579,0.6790329227908578,0.37318367288692844,0.1499999999999999,0.13550322426411995,0.22642896649351818,0.6183290393816714,0.4769827312472371,0.1671299796537034,47.16,MODERATE
ZONE_070,6,9,21.497,85.50900000000001,0.4070428907871246,0.0892693400382995,1.1402835845947266,1.3888503313064575,0.8551564812660217,2.453089475631714,606.0,4.630393028259277,12.81600570678711,Orissa Deposits,22.238,0.6602022236747175,0.5370356781463195,0.3931192830607295,0.6012016477418474,0.43209332671880274,0.6033260446826272,0.15500000000000025,0.270563962022114,0.2572505236594983,0.6746411483253594,0.4988573367144673,0.23190074190669518,51.58,MODERATE
ZONE_071,7,0,21.495,85.49099999999999,0.2574041783809662,-0.0207793023437261,1.285178780555725,1.2902213335037231,1.0563173294067385,1.7409145832061768,577.0,5.11937952041626,7.251436710357666,Orissa Deposits,23.781,0.11075170789480804,0.12484355450854166,0.8882878544741692,0.0758950453459164,0.8562795075702403,0.0928308747346438,0.010000000000000231,0.2991365090793182,0.12001855529329349,0.10673536989326582,0.48312500585382867,0.1586601702197154,26.77,LOW
ZONE_072,7,1,21.495,85.493,0.3451100885868072,0.0141593487933278,1.1851115226745603,1.3563064336776731,0.9838711023330688,2.082923412322998,594.0,1.705452799797058,7.7188239097595215,Orissa Deposits,23.624,0.432794425482122,0.2557078386787016,0.5463154322579489,0.42787002445707945,0.7035127606435267,0.33798674473318857,0.0950000000000002,0.09965332612991343,0.1315451381075673,0.16451969083548068,0.4878334834982083,0.10782487188423562,28.25,LOW
ZONE_073,7,2,21.495,85.495,0.3325730264186859,0.0023342713247984,1.2088180780410769,1.3496336936950684,1.0041415691375732,2.0313613414764404,588.0,2.927221298217773,8.219219207763672,Orissa Deposits,23.467,0.3867602464660539,0.21141648088971646,0.627330824632526,0.3923304321766805,0.7462569227275111,0.30102645815240936,0.06499999999999995,0.1710439237722887,0.14388575815385768,0.22230401177769732,0.5018288567912632,0.13108329695507276,31.59,LOW
ZONE_074,7,3,21.495,85.497,0.381934106349945,0.0499169155955314,1.1518361568450928,1.3776814937591553,0.9112281799316406,2.26831316947937,615.0,7.291234016418457,14.437604904174805,Orissa Deposits,23.31,0.5680065990413748,0.3896394081855268,0.43259934076329243,0.5417154496115568,0.5503312439410619,0.47087625908243647,0.20000000000000018,0.42604270338887656,0.2972419856939098,0.2800883327199122,0.4848702931010075,0.31958967706372365,36.99,LOW
ZONE_075,7,4,21.495,85.499,0.4097689092159271,0.0697306767106056,1.1051865816116333,1.403701901435852,0.8767201900482178,2.416167020797729,641.0,4.599010944366455,18.9853744506836,Orissa Deposits,23.155,0.6702117473310399,0.4638527387137005,0.2731778818792203,0.6803023992320023,0.47756453723444836,0.5768596035656475,0.33000000000000007,0.26873023842614,0.4093979077327494,0.3371365476628627,0.4804560862248735,0.32931146769028086,39.29,LOW
ZONE_076,7,5,21.495,85.501,0.3674027323722839,0.017787592485547,1.1448029279708862,1.3808298110961914,0.9706304669380188,2.186896800994873,648.0,6.39729642868042,18.09849548339844,Orissa Deposits,23.0,0.5146496114100908,0.2692975880858735,0.4085638034153045,0.5584836609938764,0.6755923446570926,0.4125160679157889,0.3650000000000002,0.3738079807502627,0.3875259269088573,0.39418476260581503,0.48611569420043466,0.37528097037276237,42.72,MODERATE
ZONE_077,7,6,21.495,85.503,0.3931814134120941,0.0580510720610618,1.1271153688430786,1.3970928192138672,0.895943820476532,2.3243651390075684,612.0,7.157575130462647,17.537261962890625,Orissa Deposits,22.846,0.609304994136216,0.4201062558899248,0.3481178836798793,0.6451018537095781,0.5181012442967585,0.5110549567795173,0.18500000000000005,0.41823272321592764,0.3736849302778869,0.4508649245491343,0.4879999464966301,0.3348985683697372,44.25,MODERATE
ZONE_078,7,7,21.495,85.505,0.2543284296989441,-0.0390836112201213,1.2867624759674072,1.2927920818328855,1.099791407585144,1.7394912242889404,606.0,0.7377778887748718,9.899495124816896,Orissa Deposits,22.693,0.09945802812055693,0.056283945010664915,0.8937000159289057,0.08958707406457211,0.94795292890934,0.09181059466007269,0.15500000000000025,0.0431099708946915,0.1853242903462885,0.5071770334928223,0.4994973427767601,0.11934127546176322,42.65,MODERATE
ZONE_079,7,8,21.495,85.507,0.3809260725975036,0.0545095726847648,1.1450623273849487,1.3555632829666138,0.9175323843955994,2.301041603088379,617.0,4.335557460784912,12.269604682922363,Orissa Deposits,22.541,0.5643052529371718,0.406841411206878,0.4094502816483123,0.4239119392712656,0.5636248666295216,0.49433637745372416,0.20999999999999996,0.2533360768741244,0.24377532224311138,0.563121089436879,0.45637264037696085,0.2374670274225832,45.53,MODERATE
ZONE_080,7,9,21.495,85.50900000000001,0.4506912529468536,0.1340618580579757,1.084287166595459,1.4233378171920776,0.7692383527755737,2.668091297149658,636.0,6.568723678588867,12.892719268798828,Orissa State,22.39,0.8204723484036466,0.7048080624845143,0.20175568317691717,0.7848849907682771,0.25091849509962083,0.7574418280137631,0.30500000000000016,0.3838248487894799,0.2591424137810883,0.6186970923813027,0.4910287321155845,0.3227726636501185,50.84,MODERATE
ZONE_081,8,0,21.493,85.49099999999999,0.3392215967178345,0.0541239008307457,1.211925387382507,1.3575594425201416,0.9086049795150756,2.089039802551269,591.0,2.5717432498931885,6.370504856109619,Orissa Deposits,23.925,0.4111727819745846,0.4053968599875763,0.6379498235395,0.43454365830181985,0.5447997233862656,0.3423710437336982,0.08000000000000007,0.15027256622669707,0.09829324064043866,0.05373573794626463,0.5008761488733705,0.11359699868281045,24.46,LOW
ZONE_082,8,1,21.493,85.493,0.3037783205509186,-0.008640787564218,1.2560774087905884,1.3289860486984253,1.0269685983657837,1.908267378807068,591.0,1.1136900186538696,5.96491813659668,Orissa Deposits,23.768,0.28103048084342197,0.17030890579752048,0.7888360777086167,0.28235928289705914,0.794392086393779,0.21279128718414575,0.08000000000000007,0.06507533638559211,0.08829076535481155,0.11152005888847949,0.5150686449729796,0.07651736416068033,26.59,LOW
ZONE_083,8,2,21.493,85.495,0.3472786247730255,0.0105972616001963,1.1998988389968872,1.366044998168945,0.9846112132072448,2.0874722003936768,599.0,1.4008362293243408,7.5979204177856445,Orissa Deposits,23.612,0.44075695942033855,0.24236588140472784,0.5968499875950086,0.47973846415627985,0.7050734261906499,0.34124736844219017,0.1200000000000001,0.08185391564754435,0.12856344730697356,0.16893632683106485,0.5154279909625038,0.10731060045110985,29.52,LOW
ZONE_084,8,3,21.493,85.497,0.3173336684703827,0.0188586600124835,1.2387759685516355,1.3152928352355957,0.9719069600105286,1.9750746488571167,600.0,2.169379711151123,14.591557502746582,Orissa Deposits,23.457,0.3308036497391146,0.2733093195250932,0.7297096906003566,0.20942803954783606,0.6782840748139098,0.2606795082386759,0.125,0.12676158723400935,0.301038725055153,0.2259845417740154,0.47335959021815865,0.17851625241014965,31.54,LOW
ZONE_085,8,4,21.493,85.499,0.2894304990768432,-0.035565361380577,1.2541720867156982,1.2909191846847534,1.087079405784607,1.8636460304260247,609.0,7.758382320404053,18.19510078430176,Orissa Deposits,23.303,0.22834746999358846,0.06946170751150335,0.7823247810182852,0.07961186130320907,0.9211472381171917,0.1808061904510836,0.16999999999999993,0.45333919748924223,0.3899083819752028,0.28266470371733465,0.472896946573539,0.3493081935882577,37.21,LOW
ZONE_086,8,5,21.493,85.501,0.3468168973922729,0.007911829277873,1.166569709777832,1.352497696876526,0.9920677542686462,2.0936696529388428,644.0,4.862036228179932,15.609430313110352,Orissa Deposits,23.149,0.43906156694184906,0.23230747425072223,0.4829501637092273,0.40758436169051127,0.7207969713259597,0.3456897738456073,0.3450000000000002,0.2840993793319432,0.32614124232150205,0.3393448656606539,0.4660247473025012,0.31498212442922796,38.51,LOW
ZONE_087,8,6,21.493,85.503,0.3861448466777801,0.0372729562222957,1.1230785846710205,1.409203290939331,0.9309356808662416,2.2692549228668213,637.0,5.827637672424316,15.085762977600098,Orissa Deposits,22.996,0.5834677949294053,0.34228089151113067,0.3343224735675907,0.7096032771980259,0.591888284651721,0.4715513187632665,0.31000000000000005,0.3405215773817816,0.31322669327605573,0.3956569746043437,0.501036005265731,0.3231766389355294,42.33,MODERATE
ZONE_088,8,7,21.493,85.505,0.3576937019824981,0.0334094539284706,1.1625851392745972,1.368343710899353,0.947685718536377,2.1684658527374268,607.0,3.299776792526245,10.411293983459473,Orissa Deposits,22.844,0.47899953350170155,0.32780997046475435,0.46933318993244333,0.4919816076657586,0.6272089475644278,0.3993045518077969,0.16000000000000014,0.19281315372707322,0.19794614206996464,0.4516010305483986,0.48191382822670314,0.18450910411181873,41.03,MODERATE
ZONE_089,8,8,21.493,85.507,0.3963725566864013,0.0874049589037895,1.1235507726669312,1.3950740098953247,0.8503960371017456,2.377044916152954,615.0,4.212512493133545,10.608637809753418,Orissa State,22.693,0.6210223852431146,0.5300525550248533,0.33593614097611235,0.6343495000647614,0.42205501833093884,0.5488164281156716,0.20000000000000018,0.24614629109320718,0.202812984721141,0.5071770334928223,0.4791069406950479,0.21930241185362523,43.84,MODERATE
ZONE_090,8,9,21.493,85.50900000000001,0.4288552105426788,0.1052014604210853,1.0825538635253906,1.435664176940918,0.8137815594673157,2.518932580947876,637.0,6.483124256134033,10.25778865814209,Orissa State,22.543,0.7402937330664564,0.5967101492936874,0.19583224866040405,0.8505362526063429,0.34484637870164736,0.6505231413449357,0.31000000000000005,0.37882308787094915,0.19416043324660093,0.5623849834376147,0.49760249962114544,0.30277736512236,48.46,MODERATE
ZONE_091,9,0,21.491,85.49099999999999,0.293901264667511,-0.0238615870475769,1.254947543144226,1.301762580871582,1.0601930618286133,1.8676762580871584,597.0,1.8988449573516848,2.4494898319244385,Orissa Deposits,24.071,0.2447634389646124,0.11329871896821689,0.7849748457727501,0.13736473050227183,0.8644522317818972,0.1836951040826671,0.10999999999999988,0.11095365162121529,0.001594177315378989,-8.881784197001252e-16,0.48160822022299415,0.07785971384309978,20.82,LOW
ZONE_092,9,1,21.491,85.493,0.3807073533535003,0.0890020206570625,1.127734899520874,1.373645305633545,0.849664568901062,2.302003860473633,593.0,0.755552351474762,3.0,Orissa Deposits,23.915,0.5635021492516602,0.5360344214196884,0.35023508376119405,0.5202183613501932,0.42051257751638627,0.49502613463646594,0.08999999999999986,0.04414857151056718,0.015170717388670443,0.057416267942584476,0.4470849933066225,0.049210643820827966,21.16,LOW
ZONE_093,9,2,21.491,85.495,0.4211609661579132,0.1330826878547668,1.076616644859314,1.3991719484329224,0.7772741317749023,2.5204882621765137,593.0,1.982487320899964,4.149966716766357,Orissa Deposits,23.76,0.7120416418945456,0.7011405365911696,0.1755422448024313,0.656175476379742,0.26786347438061364,0.6516382715771929,0.08999999999999986,0.11584105732012723,0.04353090057603515,0.11446448288553501,0.4381390318074835,0.0863956931008614,23.83,LOW
ZONE_094,9,3,21.491,85.497,0.3650771677494049,0.0743869394063949,1.1590224504470823,1.366421103477478,0.8721001148223877,2.210178136825561,602.0,1.4753111600875854,4.795831680297852,Orissa Deposits,23.605,0.5061104930163683,0.48129297938591287,0.4571579654509774,0.4817416336720415,0.4678222236410978,0.42920439773183316,0.13500000000000023,0.08620564825763798,0.059459056072187044,0.17151269782848733,0.4636572003798894,0.09281997612471138,27.26,LOW
ZONE_095,9,4,21.491,85.499,0.2851313352584839,-0.0172322113066911,1.2497928142547607,1.2989444732666016,1.0476099252700806,1.837132334709168,603.0,3.531312942504883,15.847363471984863,Orissa Deposits,23.452,0.21256159654255058,0.1381293430075626,0.7673589426139782,0.12235524481207616,0.8379182780367715,0.16180086781912761,0.14000000000000012,0.20634231587534924,0.33200908864578876,0.22782480677217531,0.46646321406819224,0.2241396529438764,32.25,LOW
ZONE_096,9,5,21.491,85.501,0.2919430434703827,-0.0295976400375366,1.2292509078979492,1.2961219549179075,1.072760820388794,1.8605579137802124,625.0,6.4752278327941895,14.862330436706545,Orissa Deposits,23.299,0.23757314957042885,0.09181407534105945,0.6971585032043177,0.10732226711805026,0.8909537580718281,0.17859259285210904,0.25,0.3783616826356715,0.3077164574602074,0.2841369157158633,0.4501391658170958,0.3186596102923308,35.74,LOW
ZONE_097,9,6,21.491,85.503,0.3238367438316345,-0.0076365577988326,1.202016830444336,1.3262680768966677,1.0266635417938232,2.0072388648986816,634.0,1.4643484354019165,12.667762756347656,Orissa Deposits,23.147,0.35468195003948766,0.1740702934044437,0.6040880660719607,0.2678831291857051,0.7937488161779318,0.2837351889556132,0.29499999999999993,0.08556507234811798,0.2535945941709299,0.34008097165992,0.4669142730373872,0.1988044071905261,36.26,LOW
ZONE_098,9,7,21.491,85.505,0.2696917355060577,0.0036162144970148,1.1865698099136353,1.3432844877243042,1.0038068294525146,1.8373134136199951,616.0,3.928556919097901,11.372481346130373,Orissa State,22.996,0.15586974246952134,0.21621805651210807,0.5512990205963608,0.358514010123149,0.7455510599818682,0.16193066726915029,0.20500000000000007,0.2295541476875685,0.2216506974151652,0.3956569746043437,0.4500398264476525,0.21981686829957697,38.22,LOW
ZONE_099,9,8,21.491,85.507,0.354828268289566,0.0380779802799224,1.1659621000289917,1.3685027360916138,0.9407735466957092,2.157965660095215,611.0,1.0657780170440674,9.49853801727295,Orissa State,22.846,0.468478098271483,0.34529614520904317,0.4808737025172971,0.4928285896416771,0.6126333092054632,0.3917778927183191,0.18000000000000016,0.06227573365104167,0.17543598935945864,0.4508649245491343,0.4832922184353532,0.1315410902682543,40.0,MODERATE
ZONE_100,9,9,21.491,85.50900000000001,0.3067715764045715,0.0333207324147224,1.2105737924575806,1.3356969356536863,0.9460954666137696,1.9554603099823,618.0,5.2442827224731445,9.984362602233888,Orissa State,22.697,0.2920212595410282,0.3274776600575321,0.6333308482610813,0.3181020492646356,0.6238555967713819,0.24661972409883592,0.21499999999999986,0.3064348755487546,0.1874172702309267,0.5057048214942954,0.4640366107693382,0.2432991312887798,43.66,MODERATE
